run_id,benchmark,search_strategy,method_label,path_index,status,state_id,depth,constraint_count,solver_time_ns,sat,has_exception,has_loop,has_division,has_nested_branch,has_dispatch,branches_covered,pc
"real-gson-branchcontrol-run-1","real-gson-branchcontrol","gov.nasa.jpf.search.DFSearch","research.OpenSourceLibraryBenchmarks.gsonJsonWriterControl","1","END","4","-1","4","1065100","true","false","false","false","true","false","68","constraint # = 4 c2_2_SYMINT == CONST_92 && c2_2_SYMINT != CONST_34 && c1_1_SYMINT != CONST_92 && c1_1_SYMINT != CONST_34"
"real-gson-branchcontrol-run-1","real-gson-branchcontrol","gov.nasa.jpf.search.DFSearch","research.OpenSourceLibraryBenchmarks.gsonJsonWriterControl","2","END","5","-1","4","587600","true","false","false","false","true","false","68","constraint # = 4 c2_2_SYMINT != CONST_92 && c2_2_SYMINT != CONST_34 && c1_1_SYMINT != CONST_92 && c1_1_SYMINT != CONST_34"
"real-gson-branchcontrol-run-1","real-gson-branchcontrol","gov.nasa.jpf.search.DFSearch","research.OpenSourceLibraryBenchmarks.gsonJsonWriterControl","3","END","6","-1","3","505400","true","false","false","false","true","false","68","constraint # = 3 c2_2_SYMINT == CONST_34 && c1_1_SYMINT != CONST_92 && c1_1_SYMINT != CONST_34"
"real-gson-branchcontrol-run-1","real-gson-branchcontrol","gov.nasa.jpf.search.DFSearch","research.OpenSourceLibraryBenchmarks.gsonJsonWriterControl","4","END","7","-1","2","212000","true","false","false","false","true","false","68","constraint # = 2 c1_1_SYMINT == CONST_92 && c1_1_SYMINT != CONST_34"
"real-gson-branchcontrol-run-1","real-gson-branchcontrol","gov.nasa.jpf.search.DFSearch","research.OpenSourceLibraryBenchmarks.gsonJsonWriterControl","5","END","8","-1","1","469200","true","false","false","false","true","false","68","constraint # = 1 c1_1_SYMINT == CONST_34"
"real-gson-branchcontrol-run-2","real-gson-branchcontrol","gov.nasa.jpf.search.DFSearch","research.OpenSourceLibraryBenchmarks.gsonJsonWriterControl","1","END","4","-1","4","1341600","true","false","false","false","true","false","68","constraint # = 4 c2_2_SYMINT == CONST_92 && c2_2_SYMINT != CONST_34 && c1_1_SYMINT != CONST_92 && c1_1_SYMINT != CONST_34"
"real-gson-branchcontrol-run-2","real-gson-branchcontrol","gov.nasa.jpf.search.DFSearch","research.OpenSourceLibraryBenchmarks.gsonJsonWriterControl","2","END","5","-1","4","591900","true","false","false","false","true","false","68","constraint # = 4 c2_2_SYMINT != CONST_92 && c2_2_SYMINT != CONST_34 && c1_1_SYMINT != CONST_92 && c1_1_SYMINT != CONST_34"
"real-gson-branchcontrol-run-2","real-gson-branchcontrol","gov.nasa.jpf.search.DFSearch","research.OpenSourceLibraryBenchmarks.gsonJsonWriterControl","3","END","6","-1","3","687900","true","false","false","false","true","false","68","constraint # = 3 c2_2_SYMINT == CONST_34 && c1_1_SYMINT != CONST_92 && c1_1_SYMINT != CONST_34"
"real-gson-branchcontrol-run-2","real-gson-branchcontrol","gov.nasa.jpf.search.DFSearch","research.OpenSourceLibraryBenchmarks.gsonJsonWriterControl","4","END","7","-1","2","420400","true","false","false","false","true","false","68","constraint # = 2 c1_1_SYMINT == CONST_92 && c1_1_SYMINT != CONST_34"
"real-gson-branchcontrol-run-2","real-gson-branchcontrol","gov.nasa.jpf.search.DFSearch","research.OpenSourceLibraryBenchmarks.gsonJsonWriterControl","5","END","8","-1","1","432800","true","false","false","false","true","false","68","constraint # = 1 c1_1_SYMINT == CONST_34"
"real-gson-branchcontrol-run-3","real-gson-branchcontrol","gov.nasa.jpf.search.DFSearch","research.OpenSourceLibraryBenchmarks.gsonJsonWriterControl","1","END","4","-1","4","1032600","true","false","false","false","true","false","68","constraint # = 4 c2_2_SYMINT == CONST_92 && c2_2_SYMINT != CONST_34 && c1_1_SYMINT != CONST_92 && c1_1_SYMINT != CONST_34"
"real-gson-branchcontrol-run-3","real-gson-branchcontrol","gov.nasa.jpf.search.DFSearch","research.OpenSourceLibraryBenchmarks.gsonJsonWriterControl","2","END","5","-1","4","426900","true","false","false","false","true","false","68","constraint # = 4 c2_2_SYMINT != CONST_92 && c2_2_SYMINT != CONST_34 && c1_1_SYMINT != CONST_92 && c1_1_SYMINT != CONST_34"
"real-gson-branchcontrol-run-3","real-gson-branchcontrol","gov.nasa.jpf.search.DFSearch","research.OpenSourceLibraryBenchmarks.gsonJsonWriterControl","3","END","6","-1","3","285200","true","false","false","false","true","false","68","constraint # = 3 c2_2_SYMINT == CONST_34 && c1_1_SYMINT != CONST_92 && c1_1_SYMINT != CONST_34"
"real-gson-branchcontrol-run-3","real-gson-branchcontrol","gov.nasa.jpf.search.DFSearch","research.OpenSourceLibraryBenchmarks.gsonJsonWriterControl","4","END","7","-1","2","288400","true","false","false","false","true","false","68","constraint # = 2 c1_1_SYMINT == CONST_92 && c1_1_SYMINT != CONST_34"
"real-gson-branchcontrol-run-3","real-gson-branchcontrol","gov.nasa.jpf.search.DFSearch","research.OpenSourceLibraryBenchmarks.gsonJsonWriterControl","5","END","8","-1","1","289500","true","false","false","false","true","false","68","constraint # = 1 c1_1_SYMINT == CONST_34"
"real-gson-branchcontrol-run-4","real-gson-branchcontrol","gov.nasa.jpf.search.DFSearch","research.OpenSourceLibraryBenchmarks.gsonJsonWriterControl","1","END","4","-1","4","1039300","true","false","false","false","true","false","68","constraint # = 4 c2_2_SYMINT == CONST_92 && c2_2_SYMINT != CONST_34 && c1_1_SYMINT != CONST_92 && c1_1_SYMINT != CONST_34"
"real-gson-branchcontrol-run-4","real-gson-branchcontrol","gov.nasa.jpf.search.DFSearch","research.OpenSourceLibraryBenchmarks.gsonJsonWriterControl","2","END","5","-1","4","377600","true","false","false","false","true","false","68","constraint # = 4 c2_2_SYMINT != CONST_92 && c2_2_SYMINT != CONST_34 && c1_1_SYMINT != CONST_92 && c1_1_SYMINT != CONST_34"
"real-gson-branchcontrol-run-4","real-gson-branchcontrol","gov.nasa.jpf.search.DFSearch","research.OpenSourceLibraryBenchmarks.gsonJsonWriterControl","3","END","6","-1","3","384400","true","false","false","false","true","false","68","constraint # = 3 c2_2_SYMINT == CONST_34 && c1_1_SYMINT != CONST_92 && c1_1_SYMINT != CONST_34"
"real-gson-branchcontrol-run-4","real-gson-branchcontrol","gov.nasa.jpf.search.DFSearch","research.OpenSourceLibraryBenchmarks.gsonJsonWriterControl","4","END","7","-1","2","276200","true","false","false","false","true","false","68","constraint # = 2 c1_1_SYMINT == CONST_92 && c1_1_SYMINT != CONST_34"
"real-gson-branchcontrol-run-4","real-gson-branchcontrol","gov.nasa.jpf.search.DFSearch","research.OpenSourceLibraryBenchmarks.gsonJsonWriterControl","5","END","8","-1","1","249600","true","false","false","false","true","false","68","constraint # = 1 c1_1_SYMINT == CONST_34"
"real-gson-branchcontrol-run-5","real-gson-branchcontrol","gov.nasa.jpf.search.DFSearch","research.OpenSourceLibraryBenchmarks.gsonJsonWriterControl","1","END","4","-1","4","1037400","true","false","false","false","true","false","68","constraint # = 4 c2_2_SYMINT == CONST_92 && c2_2_SYMINT != CONST_34 && c1_1_SYMINT != CONST_92 && c1_1_SYMINT != CONST_34"
"real-gson-branchcontrol-run-5","real-gson-branchcontrol","gov.nasa.jpf.search.DFSearch","research.OpenSourceLibraryBenchmarks.gsonJsonWriterControl","2","END","5","-1","4","395300","true","false","false","false","true","false","68","constraint # = 4 c2_2_SYMINT != CONST_92 && c2_2_SYMINT != CONST_34 && c1_1_SYMINT != CONST_92 && c1_1_SYMINT != CONST_34"
"real-gson-branchcontrol-run-5","real-gson-branchcontrol","gov.nasa.jpf.search.DFSearch","research.OpenSourceLibraryBenchmarks.gsonJsonWriterControl","3","END","6","-1","3","379600","true","false","false","false","true","false","68","constraint # = 3 c2_2_SYMINT == CONST_34 && c1_1_SYMINT != CONST_92 && c1_1_SYMINT != CONST_34"
"real-gson-branchcontrol-run-5","real-gson-branchcontrol","gov.nasa.jpf.search.DFSearch","research.OpenSourceLibraryBenchmarks.gsonJsonWriterControl","4","END","7","-1","2","317800","true","false","false","false","true","false","68","constraint # = 2 c1_1_SYMINT == CONST_92 && c1_1_SYMINT != CONST_34"
"real-gson-branchcontrol-run-5","real-gson-branchcontrol","gov.nasa.jpf.search.DFSearch","research.OpenSourceLibraryBenchmarks.gsonJsonWriterControl","5","END","8","-1","1","313100","true","false","false","false","true","false","68","constraint # = 1 c1_1_SYMINT == CONST_34"
"real-gson-branchcontrol-run-6","real-gson-branchcontrol","gov.nasa.jpf.search.DFSearch","research.OpenSourceLibraryBenchmarks.gsonJsonWriterControl","1","END","4","-1","4","965500","true","false","false","false","true","false","68","constraint # = 4 c2_2_SYMINT == CONST_92 && c2_2_SYMINT != CONST_34 && c1_1_SYMINT != CONST_92 && c1_1_SYMINT != CONST_34"
"real-gson-branchcontrol-run-6","real-gson-branchcontrol","gov.nasa.jpf.search.DFSearch","research.OpenSourceLibraryBenchmarks.gsonJsonWriterControl","2","END","5","-1","4","466900","true","false","false","false","true","false","68","constraint # = 4 c2_2_SYMINT != CONST_92 && c2_2_SYMINT != CONST_34 && c1_1_SYMINT != CONST_92 && c1_1_SYMINT != CONST_34"
"real-gson-branchcontrol-run-6","real-gson-branchcontrol","gov.nasa.jpf.search.DFSearch","research.OpenSourceLibraryBenchmarks.gsonJsonWriterControl","3","END","6","-1","3","451100","true","false","false","false","true","false","68","constraint # = 3 c2_2_SYMINT == CONST_34 && c1_1_SYMINT != CONST_92 && c1_1_SYMINT != CONST_34"
"real-gson-branchcontrol-run-6","real-gson-branchcontrol","gov.nasa.jpf.search.DFSearch","research.OpenSourceLibraryBenchmarks.gsonJsonWriterControl","4","END","7","-1","2","208900","true","false","false","false","true","false","68","constraint # = 2 c1_1_SYMINT == CONST_92 && c1_1_SYMINT != CONST_34"
"real-gson-branchcontrol-run-6","real-gson-branchcontrol","gov.nasa.jpf.search.DFSearch","research.OpenSourceLibraryBenchmarks.gsonJsonWriterControl","5","END","8","-1","1","517100","true","false","false","false","true","false","68","constraint # = 1 c1_1_SYMINT == CONST_34"
"real-gson-branchcontrol-run-7","real-gson-branchcontrol","gov.nasa.jpf.search.DFSearch","research.OpenSourceLibraryBenchmarks.gsonJsonWriterControl","1","END","4","-1","4","1012700","true","false","false","false","true","false","68","constraint # = 4 c2_2_SYMINT == CONST_92 && c2_2_SYMINT != CONST_34 && c1_1_SYMINT != CONST_92 && c1_1_SYMINT != CONST_34"
"real-gson-branchcontrol-run-7","real-gson-branchcontrol","gov.nasa.jpf.search.DFSearch","research.OpenSourceLibraryBenchmarks.gsonJsonWriterControl","2","END","5","-1","4","616300","true","false","false","false","true","false","68","constraint # = 4 c2_2_SYMINT != CONST_92 && c2_2_SYMINT != CONST_34 && c1_1_SYMINT != CONST_92 && c1_1_SYMINT != CONST_34"
"real-gson-branchcontrol-run-7","real-gson-branchcontrol","gov.nasa.jpf.search.DFSearch","research.OpenSourceLibraryBenchmarks.gsonJsonWriterControl","3","END","6","-1","3","730100","true","false","false","false","true","false","68","constraint # = 3 c2_2_SYMINT == CONST_34 && c1_1_SYMINT != CONST_92 && c1_1_SYMINT != CONST_34"
"real-gson-branchcontrol-run-7","real-gson-branchcontrol","gov.nasa.jpf.search.DFSearch","research.OpenSourceLibraryBenchmarks.gsonJsonWriterControl","4","END","7","-1","2","447100","true","false","false","false","true","false","68","constraint # = 2 c1_1_SYMINT == CONST_92 && c1_1_SYMINT != CONST_34"
"real-gson-branchcontrol-run-7","real-gson-branchcontrol","gov.nasa.jpf.search.DFSearch","research.OpenSourceLibraryBenchmarks.gsonJsonWriterControl","5","END","8","-1","1","516900","true","false","false","false","true","false","68","constraint # = 1 c1_1_SYMINT == CONST_34"
"real-gson-branchcontrol-run-8","real-gson-branchcontrol","gov.nasa.jpf.search.DFSearch","research.OpenSourceLibraryBenchmarks.gsonJsonWriterControl","1","END","4","-1","4","1003300","true","false","false","false","true","false","68","constraint # = 4 c2_2_SYMINT == CONST_92 && c2_2_SYMINT != CONST_34 && c1_1_SYMINT != CONST_92 && c1_1_SYMINT != CONST_34"
"real-gson-branchcontrol-run-8","real-gson-branchcontrol","gov.nasa.jpf.search.DFSearch","research.OpenSourceLibraryBenchmarks.gsonJsonWriterControl","2","END","5","-1","4","318400","true","false","false","false","true","false","68","constraint # = 4 c2_2_SYMINT != CONST_92 && c2_2_SYMINT != CONST_34 && c1_1_SYMINT != CONST_92 && c1_1_SYMINT != CONST_34"
"real-gson-branchcontrol-run-8","real-gson-branchcontrol","gov.nasa.jpf.search.DFSearch","research.OpenSourceLibraryBenchmarks.gsonJsonWriterControl","3","END","6","-1","3","486900","true","false","false","false","true","false","68","constraint # = 3 c2_2_SYMINT == CONST_34 && c1_1_SYMINT != CONST_92 && c1_1_SYMINT != CONST_34"
"real-gson-branchcontrol-run-8","real-gson-branchcontrol","gov.nasa.jpf.search.DFSearch","research.OpenSourceLibraryBenchmarks.gsonJsonWriterControl","4","END","7","-1","2","297700","true","false","false","false","true","false","68","constraint # = 2 c1_1_SYMINT == CONST_92 && c1_1_SYMINT != CONST_34"
"real-gson-branchcontrol-run-8","real-gson-branchcontrol","gov.nasa.jpf.search.DFSearch","research.OpenSourceLibraryBenchmarks.gsonJsonWriterControl","5","END","8","-1","1","479200","true","false","false","false","true","false","68","constraint # = 1 c1_1_SYMINT == CONST_34"
"real-gson-branchcontrol-run-9","real-gson-branchcontrol","gov.nasa.jpf.search.DFSearch","research.OpenSourceLibraryBenchmarks.gsonJsonWriterControl","1","END","4","-1","4","1001600","true","false","false","false","true","false","68","constraint # = 4 c2_2_SYMINT == CONST_92 && c2_2_SYMINT != CONST_34 && c1_1_SYMINT != CONST_92 && c1_1_SYMINT != CONST_34"
"real-gson-branchcontrol-run-9","real-gson-branchcontrol","gov.nasa.jpf.search.DFSearch","research.OpenSourceLibraryBenchmarks.gsonJsonWriterControl","2","END","5","-1","4","487100","true","false","false","false","true","false","68","constraint # = 4 c2_2_SYMINT != CONST_92 && c2_2_SYMINT != CONST_34 && c1_1_SYMINT != CONST_92 && c1_1_SYMINT != CONST_34"
"real-gson-branchcontrol-run-9","real-gson-branchcontrol","gov.nasa.jpf.search.DFSearch","research.OpenSourceLibraryBenchmarks.gsonJsonWriterControl","3","END","6","-1","3","413800","true","false","false","false","true","false","68","constraint # = 3 c2_2_SYMINT == CONST_34 && c1_1_SYMINT != CONST_92 && c1_1_SYMINT != CONST_34"
"real-gson-branchcontrol-run-9","real-gson-branchcontrol","gov.nasa.jpf.search.DFSearch","research.OpenSourceLibraryBenchmarks.gsonJsonWriterControl","4","END","7","-1","2","290200","true","false","false","false","true","false","68","constraint # = 2 c1_1_SYMINT == CONST_92 && c1_1_SYMINT != CONST_34"
"real-gson-branchcontrol-run-9","real-gson-branchcontrol","gov.nasa.jpf.search.DFSearch","research.OpenSourceLibraryBenchmarks.gsonJsonWriterControl","5","END","8","-1","1","334800","true","false","false","false","true","false","68","constraint # = 1 c1_1_SYMINT == CONST_34"
"real-gson-branchcontrol-run-10","real-gson-branchcontrol","gov.nasa.jpf.search.DFSearch","research.OpenSourceLibraryBenchmarks.gsonJsonWriterControl","1","END","4","-1","4","1054100","true","false","false","false","true","false","68","constraint # = 4 c2_2_SYMINT == CONST_92 && c2_2_SYMINT != CONST_34 && c1_1_SYMINT != CONST_92 && c1_1_SYMINT != CONST_34"
"real-gson-branchcontrol-run-10","real-gson-branchcontrol","gov.nasa.jpf.search.DFSearch","research.OpenSourceLibraryBenchmarks.gsonJsonWriterControl","2","END","5","-1","4","410200","true","false","false","false","true","false","68","constraint # = 4 c2_2_SYMINT != CONST_92 && c2_2_SYMINT != CONST_34 && c1_1_SYMINT != CONST_92 && c1_1_SYMINT != CONST_34"
"real-gson-branchcontrol-run-10","real-gson-branchcontrol","gov.nasa.jpf.search.DFSearch","research.OpenSourceLibraryBenchmarks.gsonJsonWriterControl","3","END","6","-1","3","753600","true","false","false","false","true","false","68","constraint # = 3 c2_2_SYMINT == CONST_34 && c1_1_SYMINT != CONST_92 && c1_1_SYMINT != CONST_34"
"real-gson-branchcontrol-run-10","real-gson-branchcontrol","gov.nasa.jpf.search.DFSearch","research.OpenSourceLibraryBenchmarks.gsonJsonWriterControl","4","END","7","-1","2","371200","true","false","false","false","true","false","68","constraint # = 2 c1_1_SYMINT == CONST_92 && c1_1_SYMINT != CONST_34"
"real-gson-branchcontrol-run-10","real-gson-branchcontrol","gov.nasa.jpf.search.DFSearch","research.OpenSourceLibraryBenchmarks.gsonJsonWriterControl","5","END","8","-1","1","431200","true","false","false","false","true","false","68","constraint # = 1 c1_1_SYMINT == CONST_34"
"real-gson-branchcontrol-run-11","real-gson-branchcontrol","gov.nasa.jpf.search.DFSearch","research.OpenSourceLibraryBenchmarks.gsonJsonWriterControl","1","END","4","-1","4","1358400","true","false","false","false","true","false","68","constraint # = 4 c2_2_SYMINT == CONST_92 && c2_2_SYMINT != CONST_34 && c1_1_SYMINT != CONST_92 && c1_1_SYMINT != CONST_34"
"real-gson-branchcontrol-run-11","real-gson-branchcontrol","gov.nasa.jpf.search.DFSearch","research.OpenSourceLibraryBenchmarks.gsonJsonWriterControl","2","END","5","-1","4","765300","true","false","false","false","true","false","68","constraint # = 4 c2_2_SYMINT != CONST_92 && c2_2_SYMINT != CONST_34 && c1_1_SYMINT != CONST_92 && c1_1_SYMINT != CONST_34"
"real-gson-branchcontrol-run-11","real-gson-branchcontrol","gov.nasa.jpf.search.DFSearch","research.OpenSourceLibraryBenchmarks.gsonJsonWriterControl","3","END","6","-1","3","1422600","true","false","false","false","true","false","68","constraint # = 3 c2_2_SYMINT == CONST_34 && c1_1_SYMINT != CONST_92 && c1_1_SYMINT != CONST_34"
"real-gson-branchcontrol-run-11","real-gson-branchcontrol","gov.nasa.jpf.search.DFSearch","research.OpenSourceLibraryBenchmarks.gsonJsonWriterControl","4","END","7","-1","2","699000","true","false","false","false","true","false","68","constraint # = 2 c1_1_SYMINT == CONST_92 && c1_1_SYMINT != CONST_34"
"real-gson-branchcontrol-run-11","real-gson-branchcontrol","gov.nasa.jpf.search.DFSearch","research.OpenSourceLibraryBenchmarks.gsonJsonWriterControl","5","END","8","-1","1","885000","true","false","false","false","true","false","68","constraint # = 1 c1_1_SYMINT == CONST_34"
"real-gson-branchcontrol-run-12","real-gson-branchcontrol","gov.nasa.jpf.search.DFSearch","research.OpenSourceLibraryBenchmarks.gsonJsonWriterControl","1","END","4","-1","4","980500","true","false","false","false","true","false","68","constraint # = 4 c2_2_SYMINT == CONST_92 && c2_2_SYMINT != CONST_34 && c1_1_SYMINT != CONST_92 && c1_1_SYMINT != CONST_34"
"real-gson-branchcontrol-run-12","real-gson-branchcontrol","gov.nasa.jpf.search.DFSearch","research.OpenSourceLibraryBenchmarks.gsonJsonWriterControl","2","END","5","-1","4","445300","true","false","false","false","true","false","68","constraint # = 4 c2_2_SYMINT != CONST_92 && c2_2_SYMINT != CONST_34 && c1_1_SYMINT != CONST_92 && c1_1_SYMINT != CONST_34"
"real-gson-branchcontrol-run-12","real-gson-branchcontrol","gov.nasa.jpf.search.DFSearch","research.OpenSourceLibraryBenchmarks.gsonJsonWriterControl","3","END","6","-1","3","458700","true","false","false","false","true","false","68","constraint # = 3 c2_2_SYMINT == CONST_34 && c1_1_SYMINT != CONST_92 && c1_1_SYMINT != CONST_34"
"real-gson-branchcontrol-run-12","real-gson-branchcontrol","gov.nasa.jpf.search.DFSearch","research.OpenSourceLibraryBenchmarks.gsonJsonWriterControl","4","END","7","-1","2","224000","true","false","false","false","true","false","68","constraint # = 2 c1_1_SYMINT == CONST_92 && c1_1_SYMINT != CONST_34"
"real-gson-branchcontrol-run-12","real-gson-branchcontrol","gov.nasa.jpf.search.DFSearch","research.OpenSourceLibraryBenchmarks.gsonJsonWriterControl","5","END","8","-1","1","645100","true","false","false","false","true","false","68","constraint # = 1 c1_1_SYMINT == CONST_34"
"real-gson-branchcontrol-run-13","real-gson-branchcontrol","gov.nasa.jpf.search.DFSearch","research.OpenSourceLibraryBenchmarks.gsonJsonWriterControl","1","END","4","-1","4","1080600","true","false","false","false","true","false","68","constraint # = 4 c2_2_SYMINT == CONST_92 && c2_2_SYMINT != CONST_34 && c1_1_SYMINT != CONST_92 && c1_1_SYMINT != CONST_34"
"real-gson-branchcontrol-run-13","real-gson-branchcontrol","gov.nasa.jpf.search.DFSearch","research.OpenSourceLibraryBenchmarks.gsonJsonWriterControl","2","END","5","-1","4","485500","true","false","false","false","true","false","68","constraint # = 4 c2_2_SYMINT != CONST_92 && c2_2_SYMINT != CONST_34 && c1_1_SYMINT != CONST_92 && c1_1_SYMINT != CONST_34"
"real-gson-branchcontrol-run-13","real-gson-branchcontrol","gov.nasa.jpf.search.DFSearch","research.OpenSourceLibraryBenchmarks.gsonJsonWriterControl","3","END","6","-1","3","440200","true","false","false","false","true","false","68","constraint # = 3 c2_2_SYMINT == CONST_34 && c1_1_SYMINT != CONST_92 && c1_1_SYMINT != CONST_34"
"real-gson-branchcontrol-run-13","real-gson-branchcontrol","gov.nasa.jpf.search.DFSearch","research.OpenSourceLibraryBenchmarks.gsonJsonWriterControl","4","END","7","-1","2","331700","true","false","false","false","true","false","68","constraint # = 2 c1_1_SYMINT == CONST_92 && c1_1_SYMINT != CONST_34"
"real-gson-branchcontrol-run-13","real-gson-branchcontrol","gov.nasa.jpf.search.DFSearch","research.OpenSourceLibraryBenchmarks.gsonJsonWriterControl","5","END","8","-1","1","786700","true","false","false","false","true","false","68","constraint # = 1 c1_1_SYMINT == CONST_34"
"real-gson-branchcontrol-run-14","real-gson-branchcontrol","gov.nasa.jpf.search.DFSearch","research.OpenSourceLibraryBenchmarks.gsonJsonWriterControl","1","END","4","-1","4","979800","true","false","false","false","true","false","68","constraint # = 4 c2_2_SYMINT == CONST_92 && c2_2_SYMINT != CONST_34 && c1_1_SYMINT != CONST_92 && c1_1_SYMINT != CONST_34"
"real-gson-branchcontrol-run-14","real-gson-branchcontrol","gov.nasa.jpf.search.DFSearch","research.OpenSourceLibraryBenchmarks.gsonJsonWriterControl","2","END","5","-1","4","421600","true","false","false","false","true","false","68","constraint # = 4 c2_2_SYMINT != CONST_92 && c2_2_SYMINT != CONST_34 && c1_1_SYMINT != CONST_92 && c1_1_SYMINT != CONST_34"
"real-gson-branchcontrol-run-14","real-gson-branchcontrol","gov.nasa.jpf.search.DFSearch","research.OpenSourceLibraryBenchmarks.gsonJsonWriterControl","3","END","6","-1","3","408200","true","false","false","false","true","false","68","constraint # = 3 c2_2_SYMINT == CONST_34 && c1_1_SYMINT != CONST_92 && c1_1_SYMINT != CONST_34"
"real-gson-branchcontrol-run-14","real-gson-branchcontrol","gov.nasa.jpf.search.DFSearch","research.OpenSourceLibraryBenchmarks.gsonJsonWriterControl","4","END","7","-1","2","210500","true","false","false","false","true","false","68","constraint # = 2 c1_1_SYMINT == CONST_92 && c1_1_SYMINT != CONST_34"
"real-gson-branchcontrol-run-14","real-gson-branchcontrol","gov.nasa.jpf.search.DFSearch","research.OpenSourceLibraryBenchmarks.gsonJsonWriterControl","5","END","8","-1","1","377700","true","false","false","false","true","false","68","constraint # = 1 c1_1_SYMINT == CONST_34"
"real-gson-branchcontrol-run-15","real-gson-branchcontrol","gov.nasa.jpf.search.DFSearch","research.OpenSourceLibraryBenchmarks.gsonJsonWriterControl","1","END","4","-1","4","1123300","true","false","false","false","true","false","68","constraint # = 4 c2_2_SYMINT == CONST_92 && c2_2_SYMINT != CONST_34 && c1_1_SYMINT != CONST_92 && c1_1_SYMINT != CONST_34"
"real-gson-branchcontrol-run-15","real-gson-branchcontrol","gov.nasa.jpf.search.DFSearch","research.OpenSourceLibraryBenchmarks.gsonJsonWriterControl","2","END","5","-1","4","507800","true","false","false","false","true","false","68","constraint # = 4 c2_2_SYMINT != CONST_92 && c2_2_SYMINT != CONST_34 && c1_1_SYMINT != CONST_92 && c1_1_SYMINT != CONST_34"
"real-gson-branchcontrol-run-15","real-gson-branchcontrol","gov.nasa.jpf.search.DFSearch","research.OpenSourceLibraryBenchmarks.gsonJsonWriterControl","3","END","6","-1","3","381000","true","false","false","false","true","false","68","constraint # = 3 c2_2_SYMINT == CONST_34 && c1_1_SYMINT != CONST_92 && c1_1_SYMINT != CONST_34"
"real-gson-branchcontrol-run-15","real-gson-branchcontrol","gov.nasa.jpf.search.DFSearch","research.OpenSourceLibraryBenchmarks.gsonJsonWriterControl","4","END","7","-1","2","393600","true","false","false","false","true","false","68","constraint # = 2 c1_1_SYMINT == CONST_92 && c1_1_SYMINT != CONST_34"
"real-gson-branchcontrol-run-15","real-gson-branchcontrol","gov.nasa.jpf.search.DFSearch","research.OpenSourceLibraryBenchmarks.gsonJsonWriterControl","5","END","8","-1","1","340900","true","false","false","false","true","false","68","constraint # = 1 c1_1_SYMINT == CONST_34"
"real-gson-branchcontrol-run-16","real-gson-branchcontrol","gov.nasa.jpf.search.DFSearch","research.OpenSourceLibraryBenchmarks.gsonJsonWriterControl","1","END","4","-1","4","1180300","true","false","false","false","true","false","68","constraint # = 4 c2_2_SYMINT == CONST_92 && c2_2_SYMINT != CONST_34 && c1_1_SYMINT != CONST_92 && c1_1_SYMINT != CONST_34"
"real-gson-branchcontrol-run-16","real-gson-branchcontrol","gov.nasa.jpf.search.DFSearch","research.OpenSourceLibraryBenchmarks.gsonJsonWriterControl","2","END","5","-1","4","390700","true","false","false","false","true","false","68","constraint # = 4 c2_2_SYMINT != CONST_92 && c2_2_SYMINT != CONST_34 && c1_1_SYMINT != CONST_92 && c1_1_SYMINT != CONST_34"
"real-gson-branchcontrol-run-16","real-gson-branchcontrol","gov.nasa.jpf.search.DFSearch","research.OpenSourceLibraryBenchmarks.gsonJsonWriterControl","3","END","6","-1","3","406000","true","false","false","false","true","false","68","constraint # = 3 c2_2_SYMINT == CONST_34 && c1_1_SYMINT != CONST_92 && c1_1_SYMINT != CONST_34"
"real-gson-branchcontrol-run-16","real-gson-branchcontrol","gov.nasa.jpf.search.DFSearch","research.OpenSourceLibraryBenchmarks.gsonJsonWriterControl","4","END","7","-1","2","271900","true","false","false","false","true","false","68","constraint # = 2 c1_1_SYMINT == CONST_92 && c1_1_SYMINT != CONST_34"
"real-gson-branchcontrol-run-16","real-gson-branchcontrol","gov.nasa.jpf.search.DFSearch","research.OpenSourceLibraryBenchmarks.gsonJsonWriterControl","5","END","8","-1","1","318300","true","false","false","false","true","false","68","constraint # = 1 c1_1_SYMINT == CONST_34"
"real-gson-branchcontrol-run-17","real-gson-branchcontrol","gov.nasa.jpf.search.DFSearch","research.OpenSourceLibraryBenchmarks.gsonJsonWriterControl","1","END","4","-1","4","1283500","true","false","false","false","true","false","68","constraint # = 4 c2_2_SYMINT == CONST_92 && c2_2_SYMINT != CONST_34 && c1_1_SYMINT != CONST_92 && c1_1_SYMINT != CONST_34"
"real-gson-branchcontrol-run-17","real-gson-branchcontrol","gov.nasa.jpf.search.DFSearch","research.OpenSourceLibraryBenchmarks.gsonJsonWriterControl","2","END","5","-1","4","406400","true","false","false","false","true","false","68","constraint # = 4 c2_2_SYMINT != CONST_92 && c2_2_SYMINT != CONST_34 && c1_1_SYMINT != CONST_92 && c1_1_SYMINT != CONST_34"
"real-gson-branchcontrol-run-17","real-gson-branchcontrol","gov.nasa.jpf.search.DFSearch","research.OpenSourceLibraryBenchmarks.gsonJsonWriterControl","3","END","6","-1","3","473900","true","false","false","false","true","false","68","constraint # = 3 c2_2_SYMINT == CONST_34 && c1_1_SYMINT != CONST_92 && c1_1_SYMINT != CONST_34"
"real-gson-branchcontrol-run-17","real-gson-branchcontrol","gov.nasa.jpf.search.DFSearch","research.OpenSourceLibraryBenchmarks.gsonJsonWriterControl","4","END","7","-1","2","443100","true","false","false","false","true","false","68","constraint # = 2 c1_1_SYMINT == CONST_92 && c1_1_SYMINT != CONST_34"
"real-gson-branchcontrol-run-17","real-gson-branchcontrol","gov.nasa.jpf.search.DFSearch","research.OpenSourceLibraryBenchmarks.gsonJsonWriterControl","5","END","8","-1","1","414100","true","false","false","false","true","false","68","constraint # = 1 c1_1_SYMINT == CONST_34"
"real-gson-branchcontrol-run-18","real-gson-branchcontrol","gov.nasa.jpf.search.DFSearch","research.OpenSourceLibraryBenchmarks.gsonJsonWriterControl","1","END","4","-1","4","1049900","true","false","false","false","true","false","68","constraint # = 4 c2_2_SYMINT == CONST_92 && c2_2_SYMINT != CONST_34 && c1_1_SYMINT != CONST_92 && c1_1_SYMINT != CONST_34"
"real-gson-branchcontrol-run-18","real-gson-branchcontrol","gov.nasa.jpf.search.DFSearch","research.OpenSourceLibraryBenchmarks.gsonJsonWriterControl","2","END","5","-1","4","359900","true","false","false","false","true","false","68","constraint # = 4 c2_2_SYMINT != CONST_92 && c2_2_SYMINT != CONST_34 && c1_1_SYMINT != CONST_92 && c1_1_SYMINT != CONST_34"
"real-gson-branchcontrol-run-18","real-gson-branchcontrol","gov.nasa.jpf.search.DFSearch","research.OpenSourceLibraryBenchmarks.gsonJsonWriterControl","3","END","6","-1","3","489200","true","false","false","false","true","false","68","constraint # = 3 c2_2_SYMINT == CONST_34 && c1_1_SYMINT != CONST_92 && c1_1_SYMINT != CONST_34"
"real-gson-branchcontrol-run-18","real-gson-branchcontrol","gov.nasa.jpf.search.DFSearch","research.OpenSourceLibraryBenchmarks.gsonJsonWriterControl","4","END","7","-1","2","313000","true","false","false","false","true","false","68","constraint # = 2 c1_1_SYMINT == CONST_92 && c1_1_SYMINT != CONST_34"
"real-gson-branchcontrol-run-18","real-gson-branchcontrol","gov.nasa.jpf.search.DFSearch","research.OpenSourceLibraryBenchmarks.gsonJsonWriterControl","5","END","8","-1","1","259900","true","false","false","false","true","false","68","constraint # = 1 c1_1_SYMINT == CONST_34"
"real-gson-branchcontrol-run-19","real-gson-branchcontrol","gov.nasa.jpf.search.DFSearch","research.OpenSourceLibraryBenchmarks.gsonJsonWriterControl","1","END","4","-1","4","1183000","true","false","false","false","true","false","68","constraint # = 4 c2_2_SYMINT == CONST_92 && c2_2_SYMINT != CONST_34 && c1_1_SYMINT != CONST_92 && c1_1_SYMINT != CONST_34"
"real-gson-branchcontrol-run-19","real-gson-branchcontrol","gov.nasa.jpf.search.DFSearch","research.OpenSourceLibraryBenchmarks.gsonJsonWriterControl","2","END","5","-1","4","489700","true","false","false","false","true","false","68","constraint # = 4 c2_2_SYMINT != CONST_92 && c2_2_SYMINT != CONST_34 && c1_1_SYMINT != CONST_92 && c1_1_SYMINT != CONST_34"
"real-gson-branchcontrol-run-19","real-gson-branchcontrol","gov.nasa.jpf.search.DFSearch","research.OpenSourceLibraryBenchmarks.gsonJsonWriterControl","3","END","6","-1","3","452700","true","false","false","false","true","false","68","constraint # = 3 c2_2_SYMINT == CONST_34 && c1_1_SYMINT != CONST_92 && c1_1_SYMINT != CONST_34"
"real-gson-branchcontrol-run-19","real-gson-branchcontrol","gov.nasa.jpf.search.DFSearch","research.OpenSourceLibraryBenchmarks.gsonJsonWriterControl","4","END","7","-1","2","298400","true","false","false","false","true","false","68","constraint # = 2 c1_1_SYMINT == CONST_92 && c1_1_SYMINT != CONST_34"
"real-gson-branchcontrol-run-19","real-gson-branchcontrol","gov.nasa.jpf.search.DFSearch","research.OpenSourceLibraryBenchmarks.gsonJsonWriterControl","5","END","8","-1","1","198800","true","false","false","false","true","false","68","constraint # = 1 c1_1_SYMINT == CONST_34"
"real-gson-branchcontrol-run-20","real-gson-branchcontrol","gov.nasa.jpf.search.DFSearch","research.OpenSourceLibraryBenchmarks.gsonJsonWriterControl","1","END","4","-1","4","1117400","true","false","false","false","true","false","68","constraint # = 4 c2_2_SYMINT == CONST_92 && c2_2_SYMINT != CONST_34 && c1_1_SYMINT != CONST_92 && c1_1_SYMINT != CONST_34"
"real-gson-branchcontrol-run-20","real-gson-branchcontrol","gov.nasa.jpf.search.DFSearch","research.OpenSourceLibraryBenchmarks.gsonJsonWriterControl","2","END","5","-1","4","661800","true","false","false","false","true","false","68","constraint # = 4 c2_2_SYMINT != CONST_92 && c2_2_SYMINT != CONST_34 && c1_1_SYMINT != CONST_92 && c1_1_SYMINT != CONST_34"
"real-gson-branchcontrol-run-20","real-gson-branchcontrol","gov.nasa.jpf.search.DFSearch","research.OpenSourceLibraryBenchmarks.gsonJsonWriterControl","3","END","6","-1","3","537000","true","false","false","false","true","false","68","constraint # = 3 c2_2_SYMINT == CONST_34 && c1_1_SYMINT != CONST_92 && c1_1_SYMINT != CONST_34"
"real-gson-branchcontrol-run-20","real-gson-branchcontrol","gov.nasa.jpf.search.DFSearch","research.OpenSourceLibraryBenchmarks.gsonJsonWriterControl","4","END","7","-1","2","294900","true","false","false","false","true","false","68","constraint # = 2 c1_1_SYMINT == CONST_92 && c1_1_SYMINT != CONST_34"
"real-gson-branchcontrol-run-20","real-gson-branchcontrol","gov.nasa.jpf.search.DFSearch","research.OpenSourceLibraryBenchmarks.gsonJsonWriterControl","5","END","8","-1","1","430300","true","false","false","false","true","false","68","constraint # = 1 c1_1_SYMINT == CONST_34"
"real-gson-branchcontrol-run-21","real-gson-branchcontrol","gov.nasa.jpf.search.DFSearch","research.OpenSourceLibraryBenchmarks.gsonJsonWriterControl","1","END","4","-1","4","1168600","true","false","false","false","true","false","68","constraint # = 4 c2_2_SYMINT == CONST_92 && c2_2_SYMINT != CONST_34 && c1_1_SYMINT != CONST_92 && c1_1_SYMINT != CONST_34"
"real-gson-branchcontrol-run-21","real-gson-branchcontrol","gov.nasa.jpf.search.DFSearch","research.OpenSourceLibraryBenchmarks.gsonJsonWriterControl","2","END","5","-1","4","474400","true","false","false","false","true","false","68","constraint # = 4 c2_2_SYMINT != CONST_92 && c2_2_SYMINT != CONST_34 && c1_1_SYMINT != CONST_92 && c1_1_SYMINT != CONST_34"
"real-gson-branchcontrol-run-21","real-gson-branchcontrol","gov.nasa.jpf.search.DFSearch","research.OpenSourceLibraryBenchmarks.gsonJsonWriterControl","3","END","6","-1","3","512100","true","false","false","false","true","false","68","constraint # = 3 c2_2_SYMINT == CONST_34 && c1_1_SYMINT != CONST_92 && c1_1_SYMINT != CONST_34"
"real-gson-branchcontrol-run-21","real-gson-branchcontrol","gov.nasa.jpf.search.DFSearch","research.OpenSourceLibraryBenchmarks.gsonJsonWriterControl","4","END","7","-1","2","335000","true","false","false","false","true","false","68","constraint # = 2 c1_1_SYMINT == CONST_92 && c1_1_SYMINT != CONST_34"
"real-gson-branchcontrol-run-21","real-gson-branchcontrol","gov.nasa.jpf.search.DFSearch","research.OpenSourceLibraryBenchmarks.gsonJsonWriterControl","5","END","8","-1","1","363800","true","false","false","false","true","false","68","constraint # = 1 c1_1_SYMINT == CONST_34"
"real-gson-branchcontrol-run-22","real-gson-branchcontrol","gov.nasa.jpf.search.DFSearch","research.OpenSourceLibraryBenchmarks.gsonJsonWriterControl","1","END","4","-1","4","1132300","true","false","false","false","true","false","68","constraint # = 4 c2_2_SYMINT == CONST_92 && c2_2_SYMINT != CONST_34 && c1_1_SYMINT != CONST_92 && c1_1_SYMINT != CONST_34"
"real-gson-branchcontrol-run-22","real-gson-branchcontrol","gov.nasa.jpf.search.DFSearch","research.OpenSourceLibraryBenchmarks.gsonJsonWriterControl","2","END","5","-1","4","414500","true","false","false","false","true","false","68","constraint # = 4 c2_2_SYMINT != CONST_92 && c2_2_SYMINT != CONST_34 && c1_1_SYMINT != CONST_92 && c1_1_SYMINT != CONST_34"
"real-gson-branchcontrol-run-22","real-gson-branchcontrol","gov.nasa.jpf.search.DFSearch","research.OpenSourceLibraryBenchmarks.gsonJsonWriterControl","3","END","6","-1","3","403000","true","false","false","false","true","false","68","constraint # = 3 c2_2_SYMINT == CONST_34 && c1_1_SYMINT != CONST_92 && c1_1_SYMINT != CONST_34"
"real-gson-branchcontrol-run-22","real-gson-branchcontrol","gov.nasa.jpf.search.DFSearch","research.OpenSourceLibraryBenchmarks.gsonJsonWriterControl","4","END","7","-1","2","208700","true","false","false","false","true","false","68","constraint # = 2 c1_1_SYMINT == CONST_92 && c1_1_SYMINT != CONST_34"
"real-gson-branchcontrol-run-22","real-gson-branchcontrol","gov.nasa.jpf.search.DFSearch","research.OpenSourceLibraryBenchmarks.gsonJsonWriterControl","5","END","8","-1","1","1174000","true","false","false","false","true","false","68","constraint # = 1 c1_1_SYMINT == CONST_34"
"real-gson-branchcontrol-run-23","real-gson-branchcontrol","gov.nasa.jpf.search.DFSearch","research.OpenSourceLibraryBenchmarks.gsonJsonWriterControl","1","END","4","-1","4","1671900","true","false","false","false","true","false","68","constraint # = 4 c2_2_SYMINT == CONST_92 && c2_2_SYMINT != CONST_34 && c1_1_SYMINT != CONST_92 && c1_1_SYMINT != CONST_34"
"real-gson-branchcontrol-run-23","real-gson-branchcontrol","gov.nasa.jpf.search.DFSearch","research.OpenSourceLibraryBenchmarks.gsonJsonWriterControl","2","END","5","-1","4","879500","true","false","false","false","true","false","68","constraint # = 4 c2_2_SYMINT != CONST_92 && c2_2_SYMINT != CONST_34 && c1_1_SYMINT != CONST_92 && c1_1_SYMINT != CONST_34"
"real-gson-branchcontrol-run-23","real-gson-branchcontrol","gov.nasa.jpf.search.DFSearch","research.OpenSourceLibraryBenchmarks.gsonJsonWriterControl","3","END","6","-1","3","415800","true","false","false","false","true","false","68","constraint # = 3 c2_2_SYMINT == CONST_34 && c1_1_SYMINT != CONST_92 && c1_1_SYMINT != CONST_34"
"real-gson-branchcontrol-run-23","real-gson-branchcontrol","gov.nasa.jpf.search.DFSearch","research.OpenSourceLibraryBenchmarks.gsonJsonWriterControl","4","END","7","-1","2","484800","true","false","false","false","true","false","68","constraint # = 2 c1_1_SYMINT == CONST_92 && c1_1_SYMINT != CONST_34"
"real-gson-branchcontrol-run-23","real-gson-branchcontrol","gov.nasa.jpf.search.DFSearch","research.OpenSourceLibraryBenchmarks.gsonJsonWriterControl","5","END","8","-1","1","499600","true","false","false","false","true","false","68","constraint # = 1 c1_1_SYMINT == CONST_34"
"real-gson-branchcontrol-run-24","real-gson-branchcontrol","gov.nasa.jpf.search.DFSearch","research.OpenSourceLibraryBenchmarks.gsonJsonWriterControl","1","END","4","-1","4","1281100","true","false","false","false","true","false","68","constraint # = 4 c2_2_SYMINT == CONST_92 && c2_2_SYMINT != CONST_34 && c1_1_SYMINT != CONST_92 && c1_1_SYMINT != CONST_34"
"real-gson-branchcontrol-run-24","real-gson-branchcontrol","gov.nasa.jpf.search.DFSearch","research.OpenSourceLibraryBenchmarks.gsonJsonWriterControl","2","END","5","-1","4","716000","true","false","false","false","true","false","68","constraint # = 4 c2_2_SYMINT != CONST_92 && c2_2_SYMINT != CONST_34 && c1_1_SYMINT != CONST_92 && c1_1_SYMINT != CONST_34"
"real-gson-branchcontrol-run-24","real-gson-branchcontrol","gov.nasa.jpf.search.DFSearch","research.OpenSourceLibraryBenchmarks.gsonJsonWriterControl","3","END","6","-1","3","438700","true","false","false","false","true","false","68","constraint # = 3 c2_2_SYMINT == CONST_34 && c1_1_SYMINT != CONST_92 && c1_1_SYMINT != CONST_34"
"real-gson-branchcontrol-run-24","real-gson-branchcontrol","gov.nasa.jpf.search.DFSearch","research.OpenSourceLibraryBenchmarks.gsonJsonWriterControl","4","END","7","-1","2","267500","true","false","false","false","true","false","68","constraint # = 2 c1_1_SYMINT == CONST_92 && c1_1_SYMINT != CONST_34"
"real-gson-branchcontrol-run-24","real-gson-branchcontrol","gov.nasa.jpf.search.DFSearch","research.OpenSourceLibraryBenchmarks.gsonJsonWriterControl","5","END","8","-1","1","196900","true","false","false","false","true","false","68","constraint # = 1 c1_1_SYMINT == CONST_34"
"real-gson-branchcontrol-run-25","real-gson-branchcontrol","gov.nasa.jpf.search.DFSearch","research.OpenSourceLibraryBenchmarks.gsonJsonWriterControl","1","END","4","-1","4","1318400","true","false","false","false","true","false","68","constraint # = 4 c2_2_SYMINT == CONST_92 && c2_2_SYMINT != CONST_34 && c1_1_SYMINT != CONST_92 && c1_1_SYMINT != CONST_34"
"real-gson-branchcontrol-run-25","real-gson-branchcontrol","gov.nasa.jpf.search.DFSearch","research.OpenSourceLibraryBenchmarks.gsonJsonWriterControl","2","END","5","-1","4","464200","true","false","false","false","true","false","68","constraint # = 4 c2_2_SYMINT != CONST_92 && c2_2_SYMINT != CONST_34 && c1_1_SYMINT != CONST_92 && c1_1_SYMINT != CONST_34"
"real-gson-branchcontrol-run-25","real-gson-branchcontrol","gov.nasa.jpf.search.DFSearch","research.OpenSourceLibraryBenchmarks.gsonJsonWriterControl","3","END","6","-1","3","608300","true","false","false","false","true","false","68","constraint # = 3 c2_2_SYMINT == CONST_34 && c1_1_SYMINT != CONST_92 && c1_1_SYMINT != CONST_34"
"real-gson-branchcontrol-run-25","real-gson-branchcontrol","gov.nasa.jpf.search.DFSearch","research.OpenSourceLibraryBenchmarks.gsonJsonWriterControl","4","END","7","-1","2","385200","true","false","false","false","true","false","68","constraint # = 2 c1_1_SYMINT == CONST_92 && c1_1_SYMINT != CONST_34"
"real-gson-branchcontrol-run-25","real-gson-branchcontrol","gov.nasa.jpf.search.DFSearch","research.OpenSourceLibraryBenchmarks.gsonJsonWriterControl","5","END","8","-1","1","359200","true","false","false","false","true","false","68","constraint # = 1 c1_1_SYMINT == CONST_34"
"real-gson-branchcontrol-run-26","real-gson-branchcontrol","gov.nasa.jpf.search.DFSearch","research.OpenSourceLibraryBenchmarks.gsonJsonWriterControl","1","END","4","-1","4","1090200","true","false","false","false","true","false","68","constraint # = 4 c2_2_SYMINT == CONST_92 && c2_2_SYMINT != CONST_34 && c1_1_SYMINT != CONST_92 && c1_1_SYMINT != CONST_34"
"real-gson-branchcontrol-run-26","real-gson-branchcontrol","gov.nasa.jpf.search.DFSearch","research.OpenSourceLibraryBenchmarks.gsonJsonWriterControl","2","END","5","-1","4","432300","true","false","false","false","true","false","68","constraint # = 4 c2_2_SYMINT != CONST_92 && c2_2_SYMINT != CONST_34 && c1_1_SYMINT != CONST_92 && c1_1_SYMINT != CONST_34"
"real-gson-branchcontrol-run-26","real-gson-branchcontrol","gov.nasa.jpf.search.DFSearch","research.OpenSourceLibraryBenchmarks.gsonJsonWriterControl","3","END","6","-1","3","452800","true","false","false","false","true","false","68","constraint # = 3 c2_2_SYMINT == CONST_34 && c1_1_SYMINT != CONST_92 && c1_1_SYMINT != CONST_34"
"real-gson-branchcontrol-run-26","real-gson-branchcontrol","gov.nasa.jpf.search.DFSearch","research.OpenSourceLibraryBenchmarks.gsonJsonWriterControl","4","END","7","-1","2","289500","true","false","false","false","true","false","68","constraint # = 2 c1_1_SYMINT == CONST_92 && c1_1_SYMINT != CONST_34"
"real-gson-branchcontrol-run-26","real-gson-branchcontrol","gov.nasa.jpf.search.DFSearch","research.OpenSourceLibraryBenchmarks.gsonJsonWriterControl","5","END","8","-1","1","314800","true","false","false","false","true","false","68","constraint # = 1 c1_1_SYMINT == CONST_34"
"real-gson-branchcontrol-run-27","real-gson-branchcontrol","gov.nasa.jpf.search.DFSearch","research.OpenSourceLibraryBenchmarks.gsonJsonWriterControl","1","END","4","-1","4","2144600","true","false","false","false","true","false","68","constraint # = 4 c2_2_SYMINT == CONST_92 && c2_2_SYMINT != CONST_34 && c1_1_SYMINT != CONST_92 && c1_1_SYMINT != CONST_34"
"real-gson-branchcontrol-run-27","real-gson-branchcontrol","gov.nasa.jpf.search.DFSearch","research.OpenSourceLibraryBenchmarks.gsonJsonWriterControl","2","END","5","-1","4","427800","true","false","false","false","true","false","68","constraint # = 4 c2_2_SYMINT != CONST_92 && c2_2_SYMINT != CONST_34 && c1_1_SYMINT != CONST_92 && c1_1_SYMINT != CONST_34"
"real-gson-branchcontrol-run-27","real-gson-branchcontrol","gov.nasa.jpf.search.DFSearch","research.OpenSourceLibraryBenchmarks.gsonJsonWriterControl","3","END","6","-1","3","971400","true","false","false","false","true","false","68","constraint # = 3 c2_2_SYMINT == CONST_34 && c1_1_SYMINT != CONST_92 && c1_1_SYMINT != CONST_34"
"real-gson-branchcontrol-run-27","real-gson-branchcontrol","gov.nasa.jpf.search.DFSearch","research.OpenSourceLibraryBenchmarks.gsonJsonWriterControl","4","END","7","-1","2","502300","true","false","false","false","true","false","68","constraint # = 2 c1_1_SYMINT == CONST_92 && c1_1_SYMINT != CONST_34"
"real-gson-branchcontrol-run-27","real-gson-branchcontrol","gov.nasa.jpf.search.DFSearch","research.OpenSourceLibraryBenchmarks.gsonJsonWriterControl","5","END","8","-1","1","567600","true","false","false","false","true","false","68","constraint # = 1 c1_1_SYMINT == CONST_34"
"real-gson-branchcontrol-run-28","real-gson-branchcontrol","gov.nasa.jpf.search.DFSearch","research.OpenSourceLibraryBenchmarks.gsonJsonWriterControl","1","END","4","-1","4","1419000","true","false","false","false","true","false","68","constraint # = 4 c2_2_SYMINT == CONST_92 && c2_2_SYMINT != CONST_34 && c1_1_SYMINT != CONST_92 && c1_1_SYMINT != CONST_34"
"real-gson-branchcontrol-run-28","real-gson-branchcontrol","gov.nasa.jpf.search.DFSearch","research.OpenSourceLibraryBenchmarks.gsonJsonWriterControl","2","END","5","-1","4","446900","true","false","false","false","true","false","68","constraint # = 4 c2_2_SYMINT != CONST_92 && c2_2_SYMINT != CONST_34 && c1_1_SYMINT != CONST_92 && c1_1_SYMINT != CONST_34"
"real-gson-branchcontrol-run-28","real-gson-branchcontrol","gov.nasa.jpf.search.DFSearch","research.OpenSourceLibraryBenchmarks.gsonJsonWriterControl","3","END","6","-1","3","351800","true","false","false","false","true","false","68","constraint # = 3 c2_2_SYMINT == CONST_34 && c1_1_SYMINT != CONST_92 && c1_1_SYMINT != CONST_34"
"real-gson-branchcontrol-run-28","real-gson-branchcontrol","gov.nasa.jpf.search.DFSearch","research.OpenSourceLibraryBenchmarks.gsonJsonWriterControl","4","END","7","-1","2","216800","true","false","false","false","true","false","68","constraint # = 2 c1_1_SYMINT == CONST_92 && c1_1_SYMINT != CONST_34"
"real-gson-branchcontrol-run-28","real-gson-branchcontrol","gov.nasa.jpf.search.DFSearch","research.OpenSourceLibraryBenchmarks.gsonJsonWriterControl","5","END","8","-1","1","376300","true","false","false","false","true","false","68","constraint # = 1 c1_1_SYMINT == CONST_34"
"real-gson-branchcontrol-run-29","real-gson-branchcontrol","gov.nasa.jpf.search.DFSearch","research.OpenSourceLibraryBenchmarks.gsonJsonWriterControl","1","END","4","-1","4","1021700","true","false","false","false","true","false","68","constraint # = 4 c2_2_SYMINT == CONST_92 && c2_2_SYMINT != CONST_34 && c1_1_SYMINT != CONST_92 && c1_1_SYMINT != CONST_34"
"real-gson-branchcontrol-run-29","real-gson-branchcontrol","gov.nasa.jpf.search.DFSearch","research.OpenSourceLibraryBenchmarks.gsonJsonWriterControl","2","END","5","-1","4","433100","true","false","false","false","true","false","68","constraint # = 4 c2_2_SYMINT != CONST_92 && c2_2_SYMINT != CONST_34 && c1_1_SYMINT != CONST_92 && c1_1_SYMINT != CONST_34"
"real-gson-branchcontrol-run-29","real-gson-branchcontrol","gov.nasa.jpf.search.DFSearch","research.OpenSourceLibraryBenchmarks.gsonJsonWriterControl","3","END","6","-1","3","367200","true","false","false","false","true","false","68","constraint # = 3 c2_2_SYMINT == CONST_34 && c1_1_SYMINT != CONST_92 && c1_1_SYMINT != CONST_34"
"real-gson-branchcontrol-run-29","real-gson-branchcontrol","gov.nasa.jpf.search.DFSearch","research.OpenSourceLibraryBenchmarks.gsonJsonWriterControl","4","END","7","-1","2","209000","true","false","false","false","true","false","68","constraint # = 2 c1_1_SYMINT == CONST_92 && c1_1_SYMINT != CONST_34"
"real-gson-branchcontrol-run-29","real-gson-branchcontrol","gov.nasa.jpf.search.DFSearch","research.OpenSourceLibraryBenchmarks.gsonJsonWriterControl","5","END","8","-1","1","398800","true","false","false","false","true","false","68","constraint # = 1 c1_1_SYMINT == CONST_34"
"real-gson-branchcontrol-run-30","real-gson-branchcontrol","gov.nasa.jpf.search.DFSearch","research.OpenSourceLibraryBenchmarks.gsonJsonWriterControl","1","END","4","-1","4","1125200","true","false","false","false","true","false","68","constraint # = 4 c2_2_SYMINT == CONST_92 && c2_2_SYMINT != CONST_34 && c1_1_SYMINT != CONST_92 && c1_1_SYMINT != CONST_34"
"real-gson-branchcontrol-run-30","real-gson-branchcontrol","gov.nasa.jpf.search.DFSearch","research.OpenSourceLibraryBenchmarks.gsonJsonWriterControl","2","END","5","-1","4","428600","true","false","false","false","true","false","68","constraint # = 4 c2_2_SYMINT != CONST_92 && c2_2_SYMINT != CONST_34 && c1_1_SYMINT != CONST_92 && c1_1_SYMINT != CONST_34"
"real-gson-branchcontrol-run-30","real-gson-branchcontrol","gov.nasa.jpf.search.DFSearch","research.OpenSourceLibraryBenchmarks.gsonJsonWriterControl","3","END","6","-1","3","343400","true","false","false","false","true","false","68","constraint # = 3 c2_2_SYMINT == CONST_34 && c1_1_SYMINT != CONST_92 && c1_1_SYMINT != CONST_34"
"real-gson-branchcontrol-run-30","real-gson-branchcontrol","gov.nasa.jpf.search.DFSearch","research.OpenSourceLibraryBenchmarks.gsonJsonWriterControl","4","END","7","-1","2","298000","true","false","false","false","true","false","68","constraint # = 2 c1_1_SYMINT == CONST_92 && c1_1_SYMINT != CONST_34"
"real-gson-branchcontrol-run-30","real-gson-branchcontrol","gov.nasa.jpf.search.DFSearch","research.OpenSourceLibraryBenchmarks.gsonJsonWriterControl","5","END","8","-1","1","296900","true","false","false","false","true","false","68","constraint # = 1 c1_1_SYMINT == CONST_34"
