run_id,benchmark,search_strategy,method_label,path_index,status,state_id,depth,constraint_count,solver_time_ns,sat,has_exception,has_loop,has_division,has_nested_branch,has_dispatch,pc
"real-exceptions1-branchcontrol-run-1","real-exceptions1-branchcontrol","default","research.OpenSourceExceptionCases.exceptions1BranchControl","1","END","1","-1","1","905099","true","true","false","false","true","false","constraint # = 1 selector_1_SYMINT == CONST_3"
"real-exceptions1-branchcontrol-run-1","real-exceptions1-branchcontrol","default","research.OpenSourceExceptionCases.exceptions1BranchControl","2","END","3","-1","2","309300","true","true","false","false","true","false","constraint # = 2 selector_1_SYMINT == CONST_2 && selector_1_SYMINT != CONST_3"
"real-exceptions1-branchcontrol-run-1","real-exceptions1-branchcontrol","default","research.OpenSourceExceptionCases.exceptions1BranchControl","3","END","4","-1","2","2029900","true","true","false","false","true","false","constraint # = 2 selector_1_SYMINT != CONST_2 && selector_1_SYMINT != CONST_3"
"real-exceptions1-branchcontrol-run-2","real-exceptions1-branchcontrol","default","research.OpenSourceExceptionCases.exceptions1BranchControl","1","END","1","-1","1","810900","true","true","false","false","true","false","constraint # = 1 selector_1_SYMINT == CONST_3"
"real-exceptions1-branchcontrol-run-2","real-exceptions1-branchcontrol","default","research.OpenSourceExceptionCases.exceptions1BranchControl","2","END","3","-1","2","197800","true","true","false","false","true","false","constraint # = 2 selector_1_SYMINT == CONST_2 && selector_1_SYMINT != CONST_3"
"real-exceptions1-branchcontrol-run-2","real-exceptions1-branchcontrol","default","research.OpenSourceExceptionCases.exceptions1BranchControl","3","END","4","-1","2","1873100","true","true","false","false","true","false","constraint # = 2 selector_1_SYMINT != CONST_2 && selector_1_SYMINT != CONST_3"
"real-exceptions1-branchcontrol-run-3","real-exceptions1-branchcontrol","default","research.OpenSourceExceptionCases.exceptions1BranchControl","1","END","1","-1","1","874000","true","true","false","false","true","false","constraint # = 1 selector_1_SYMINT == CONST_3"
"real-exceptions1-branchcontrol-run-3","real-exceptions1-branchcontrol","default","research.OpenSourceExceptionCases.exceptions1BranchControl","2","END","3","-1","2","257700","true","true","false","false","true","false","constraint # = 2 selector_1_SYMINT == CONST_2 && selector_1_SYMINT != CONST_3"
"real-exceptions1-branchcontrol-run-3","real-exceptions1-branchcontrol","default","research.OpenSourceExceptionCases.exceptions1BranchControl","3","END","4","-1","2","368799","true","true","false","false","true","false","constraint # = 2 selector_1_SYMINT != CONST_2 && selector_1_SYMINT != CONST_3"
"real-exceptions1-branchcontrol-run-4","real-exceptions1-branchcontrol","default","research.OpenSourceExceptionCases.exceptions1BranchControl","1","END","1","-1","1","908700","true","true","false","false","true","false","constraint # = 1 selector_1_SYMINT == CONST_3"
"real-exceptions1-branchcontrol-run-4","real-exceptions1-branchcontrol","default","research.OpenSourceExceptionCases.exceptions1BranchControl","2","END","3","-1","2","303499","true","true","false","false","true","false","constraint # = 2 selector_1_SYMINT == CONST_2 && selector_1_SYMINT != CONST_3"
"real-exceptions1-branchcontrol-run-4","real-exceptions1-branchcontrol","default","research.OpenSourceExceptionCases.exceptions1BranchControl","3","END","4","-1","2","2069500","true","true","false","false","true","false","constraint # = 2 selector_1_SYMINT != CONST_2 && selector_1_SYMINT != CONST_3"
"real-exceptions1-branchcontrol-run-5","real-exceptions1-branchcontrol","default","research.OpenSourceExceptionCases.exceptions1BranchControl","1","END","1","-1","1","907001","true","true","false","false","true","false","constraint # = 1 selector_1_SYMINT == CONST_3"
"real-exceptions1-branchcontrol-run-5","real-exceptions1-branchcontrol","default","research.OpenSourceExceptionCases.exceptions1BranchControl","2","END","3","-1","2","287501","true","true","false","false","true","false","constraint # = 2 selector_1_SYMINT == CONST_2 && selector_1_SYMINT != CONST_3"
"real-exceptions1-branchcontrol-run-5","real-exceptions1-branchcontrol","default","research.OpenSourceExceptionCases.exceptions1BranchControl","3","END","4","-1","2","2084701","true","true","false","false","true","false","constraint # = 2 selector_1_SYMINT != CONST_2 && selector_1_SYMINT != CONST_3"
"real-exceptions1-branchcontrol-run-6","real-exceptions1-branchcontrol","default","research.OpenSourceExceptionCases.exceptions1BranchControl","1","END","1","-1","1","923400","true","true","false","false","true","false","constraint # = 1 selector_1_SYMINT == CONST_3"
"real-exceptions1-branchcontrol-run-6","real-exceptions1-branchcontrol","default","research.OpenSourceExceptionCases.exceptions1BranchControl","2","END","3","-1","2","287601","true","true","false","false","true","false","constraint # = 2 selector_1_SYMINT == CONST_2 && selector_1_SYMINT != CONST_3"
"real-exceptions1-branchcontrol-run-6","real-exceptions1-branchcontrol","default","research.OpenSourceExceptionCases.exceptions1BranchControl","3","END","4","-1","2","310699","true","true","false","false","true","false","constraint # = 2 selector_1_SYMINT != CONST_2 && selector_1_SYMINT != CONST_3"
"real-exceptions1-branchcontrol-run-7","real-exceptions1-branchcontrol","default","research.OpenSourceExceptionCases.exceptions1BranchControl","1","END","1","-1","1","1607300","true","true","false","false","true","false","constraint # = 1 selector_1_SYMINT == CONST_3"
"real-exceptions1-branchcontrol-run-7","real-exceptions1-branchcontrol","default","research.OpenSourceExceptionCases.exceptions1BranchControl","2","END","3","-1","2","544601","true","true","false","false","true","false","constraint # = 2 selector_1_SYMINT == CONST_2 && selector_1_SYMINT != CONST_3"
"real-exceptions1-branchcontrol-run-7","real-exceptions1-branchcontrol","default","research.OpenSourceExceptionCases.exceptions1BranchControl","3","END","4","-1","2","3655899","true","true","false","false","true","false","constraint # = 2 selector_1_SYMINT != CONST_2 && selector_1_SYMINT != CONST_3"
"real-exceptions1-branchcontrol-run-8","real-exceptions1-branchcontrol","default","research.OpenSourceExceptionCases.exceptions1BranchControl","1","END","1","-1","1","1041301","true","true","false","false","true","false","constraint # = 1 selector_1_SYMINT == CONST_3"
"real-exceptions1-branchcontrol-run-8","real-exceptions1-branchcontrol","default","research.OpenSourceExceptionCases.exceptions1BranchControl","2","END","3","-1","2","310600","true","true","false","false","true","false","constraint # = 2 selector_1_SYMINT == CONST_2 && selector_1_SYMINT != CONST_3"
"real-exceptions1-branchcontrol-run-8","real-exceptions1-branchcontrol","default","research.OpenSourceExceptionCases.exceptions1BranchControl","3","END","4","-1","2","2043600","true","true","false","false","true","false","constraint # = 2 selector_1_SYMINT != CONST_2 && selector_1_SYMINT != CONST_3"
"real-exceptions1-branchcontrol-run-9","real-exceptions1-branchcontrol","default","research.OpenSourceExceptionCases.exceptions1BranchControl","1","END","1","-1","1","867900","true","true","false","false","true","false","constraint # = 1 selector_1_SYMINT == CONST_3"
"real-exceptions1-branchcontrol-run-9","real-exceptions1-branchcontrol","default","research.OpenSourceExceptionCases.exceptions1BranchControl","2","END","3","-1","2","304400","true","true","false","false","true","false","constraint # = 2 selector_1_SYMINT == CONST_2 && selector_1_SYMINT != CONST_3"
"real-exceptions1-branchcontrol-run-9","real-exceptions1-branchcontrol","default","research.OpenSourceExceptionCases.exceptions1BranchControl","3","END","4","-1","2","333800","true","true","false","false","true","false","constraint # = 2 selector_1_SYMINT != CONST_2 && selector_1_SYMINT != CONST_3"
"real-exceptions1-branchcontrol-run-10","real-exceptions1-branchcontrol","default","research.OpenSourceExceptionCases.exceptions1BranchControl","1","END","1","-1","1","948900","true","true","false","false","true","false","constraint # = 1 selector_1_SYMINT == CONST_3"
"real-exceptions1-branchcontrol-run-10","real-exceptions1-branchcontrol","default","research.OpenSourceExceptionCases.exceptions1BranchControl","2","END","3","-1","2","284800","true","true","false","false","true","false","constraint # = 2 selector_1_SYMINT == CONST_2 && selector_1_SYMINT != CONST_3"
"real-exceptions1-branchcontrol-run-10","real-exceptions1-branchcontrol","default","research.OpenSourceExceptionCases.exceptions1BranchControl","3","END","4","-1","2","2029700","true","true","false","false","true","false","constraint # = 2 selector_1_SYMINT != CONST_2 && selector_1_SYMINT != CONST_3"
"real-exceptions1-branchcontrol-run-11","real-exceptions1-branchcontrol","default","research.OpenSourceExceptionCases.exceptions1BranchControl","1","END","1","-1","1","902699","true","true","false","false","true","false","constraint # = 1 selector_1_SYMINT == CONST_3"
"real-exceptions1-branchcontrol-run-11","real-exceptions1-branchcontrol","default","research.OpenSourceExceptionCases.exceptions1BranchControl","2","END","3","-1","2","297700","true","true","false","false","true","false","constraint # = 2 selector_1_SYMINT == CONST_2 && selector_1_SYMINT != CONST_3"
"real-exceptions1-branchcontrol-run-11","real-exceptions1-branchcontrol","default","research.OpenSourceExceptionCases.exceptions1BranchControl","3","END","4","-1","2","2095300","true","true","false","false","true","false","constraint # = 2 selector_1_SYMINT != CONST_2 && selector_1_SYMINT != CONST_3"
"real-exceptions1-branchcontrol-run-12","real-exceptions1-branchcontrol","default","research.OpenSourceExceptionCases.exceptions1BranchControl","1","END","1","-1","1","887800","true","true","false","false","true","false","constraint # = 1 selector_1_SYMINT == CONST_3"
"real-exceptions1-branchcontrol-run-12","real-exceptions1-branchcontrol","default","research.OpenSourceExceptionCases.exceptions1BranchControl","2","END","3","-1","2","342500","true","true","false","false","true","false","constraint # = 2 selector_1_SYMINT == CONST_2 && selector_1_SYMINT != CONST_3"
"real-exceptions1-branchcontrol-run-12","real-exceptions1-branchcontrol","default","research.OpenSourceExceptionCases.exceptions1BranchControl","3","END","4","-1","2","2027000","true","true","false","false","true","false","constraint # = 2 selector_1_SYMINT != CONST_2 && selector_1_SYMINT != CONST_3"
"real-exceptions1-branchcontrol-run-13","real-exceptions1-branchcontrol","default","research.OpenSourceExceptionCases.exceptions1BranchControl","1","END","1","-1","1","854801","true","true","false","false","true","false","constraint # = 1 selector_1_SYMINT == CONST_3"
"real-exceptions1-branchcontrol-run-13","real-exceptions1-branchcontrol","default","research.OpenSourceExceptionCases.exceptions1BranchControl","2","END","3","-1","2","249100","true","true","false","false","true","false","constraint # = 2 selector_1_SYMINT == CONST_2 && selector_1_SYMINT != CONST_3"
"real-exceptions1-branchcontrol-run-13","real-exceptions1-branchcontrol","default","research.OpenSourceExceptionCases.exceptions1BranchControl","3","END","4","-1","2","1995400","true","true","false","false","true","false","constraint # = 2 selector_1_SYMINT != CONST_2 && selector_1_SYMINT != CONST_3"
"real-exceptions1-branchcontrol-run-14","real-exceptions1-branchcontrol","default","research.OpenSourceExceptionCases.exceptions1BranchControl","1","END","1","-1","1","2257401","true","true","false","false","true","false","constraint # = 1 selector_1_SYMINT == CONST_3"
"real-exceptions1-branchcontrol-run-14","real-exceptions1-branchcontrol","default","research.OpenSourceExceptionCases.exceptions1BranchControl","2","END","3","-1","2","753700","true","true","false","false","true","false","constraint # = 2 selector_1_SYMINT == CONST_2 && selector_1_SYMINT != CONST_3"
"real-exceptions1-branchcontrol-run-14","real-exceptions1-branchcontrol","default","research.OpenSourceExceptionCases.exceptions1BranchControl","3","END","4","-1","2","4571200","true","true","false","false","true","false","constraint # = 2 selector_1_SYMINT != CONST_2 && selector_1_SYMINT != CONST_3"
"real-exceptions1-branchcontrol-run-15","real-exceptions1-branchcontrol","default","research.OpenSourceExceptionCases.exceptions1BranchControl","1","END","1","-1","1","884400","true","true","false","false","true","false","constraint # = 1 selector_1_SYMINT == CONST_3"
"real-exceptions1-branchcontrol-run-15","real-exceptions1-branchcontrol","default","research.OpenSourceExceptionCases.exceptions1BranchControl","2","END","3","-1","2","291801","true","true","false","false","true","false","constraint # = 2 selector_1_SYMINT == CONST_2 && selector_1_SYMINT != CONST_3"
"real-exceptions1-branchcontrol-run-15","real-exceptions1-branchcontrol","default","research.OpenSourceExceptionCases.exceptions1BranchControl","3","END","4","-1","2","2588300","true","true","false","false","true","false","constraint # = 2 selector_1_SYMINT != CONST_2 && selector_1_SYMINT != CONST_3"
"real-exceptions1-branchcontrol-run-16","real-exceptions1-branchcontrol","default","research.OpenSourceExceptionCases.exceptions1BranchControl","1","END","1","-1","1","872000","true","true","false","false","true","false","constraint # = 1 selector_1_SYMINT == CONST_3"
"real-exceptions1-branchcontrol-run-16","real-exceptions1-branchcontrol","default","research.OpenSourceExceptionCases.exceptions1BranchControl","2","END","3","-1","2","244500","true","true","false","false","true","false","constraint # = 2 selector_1_SYMINT == CONST_2 && selector_1_SYMINT != CONST_3"
"real-exceptions1-branchcontrol-run-16","real-exceptions1-branchcontrol","default","research.OpenSourceExceptionCases.exceptions1BranchControl","3","END","4","-1","2","2008700","true","true","false","false","true","false","constraint # = 2 selector_1_SYMINT != CONST_2 && selector_1_SYMINT != CONST_3"
"real-exceptions1-branchcontrol-run-17","real-exceptions1-branchcontrol","default","research.OpenSourceExceptionCases.exceptions1BranchControl","1","END","1","-1","1","881100","true","true","false","false","true","false","constraint # = 1 selector_1_SYMINT == CONST_3"
"real-exceptions1-branchcontrol-run-17","real-exceptions1-branchcontrol","default","research.OpenSourceExceptionCases.exceptions1BranchControl","2","END","3","-1","2","287201","true","true","false","false","true","false","constraint # = 2 selector_1_SYMINT == CONST_2 && selector_1_SYMINT != CONST_3"
"real-exceptions1-branchcontrol-run-17","real-exceptions1-branchcontrol","default","research.OpenSourceExceptionCases.exceptions1BranchControl","3","END","4","-1","2","325600","true","true","false","false","true","false","constraint # = 2 selector_1_SYMINT != CONST_2 && selector_1_SYMINT != CONST_3"
"real-exceptions1-branchcontrol-run-18","real-exceptions1-branchcontrol","default","research.OpenSourceExceptionCases.exceptions1BranchControl","1","END","1","-1","1","1013800","true","true","false","false","true","false","constraint # = 1 selector_1_SYMINT == CONST_3"
"real-exceptions1-branchcontrol-run-18","real-exceptions1-branchcontrol","default","research.OpenSourceExceptionCases.exceptions1BranchControl","2","END","3","-1","2","275700","true","true","false","false","true","false","constraint # = 2 selector_1_SYMINT == CONST_2 && selector_1_SYMINT != CONST_3"
"real-exceptions1-branchcontrol-run-18","real-exceptions1-branchcontrol","default","research.OpenSourceExceptionCases.exceptions1BranchControl","3","END","4","-1","2","361900","true","true","false","false","true","false","constraint # = 2 selector_1_SYMINT != CONST_2 && selector_1_SYMINT != CONST_3"
"real-exceptions1-branchcontrol-run-19","real-exceptions1-branchcontrol","default","research.OpenSourceExceptionCases.exceptions1BranchControl","1","END","1","-1","1","911400","true","true","false","false","true","false","constraint # = 1 selector_1_SYMINT == CONST_3"
"real-exceptions1-branchcontrol-run-19","real-exceptions1-branchcontrol","default","research.OpenSourceExceptionCases.exceptions1BranchControl","2","END","3","-1","2","320200","true","true","false","false","true","false","constraint # = 2 selector_1_SYMINT == CONST_2 && selector_1_SYMINT != CONST_3"
"real-exceptions1-branchcontrol-run-19","real-exceptions1-branchcontrol","default","research.OpenSourceExceptionCases.exceptions1BranchControl","3","END","4","-1","2","2303799","true","true","false","false","true","false","constraint # = 2 selector_1_SYMINT != CONST_2 && selector_1_SYMINT != CONST_3"
"real-exceptions1-branchcontrol-run-20","real-exceptions1-branchcontrol","default","research.OpenSourceExceptionCases.exceptions1BranchControl","1","END","1","-1","1","954000","true","true","false","false","true","false","constraint # = 1 selector_1_SYMINT == CONST_3"
"real-exceptions1-branchcontrol-run-20","real-exceptions1-branchcontrol","default","research.OpenSourceExceptionCases.exceptions1BranchControl","2","END","3","-1","2","308900","true","true","false","false","true","false","constraint # = 2 selector_1_SYMINT == CONST_2 && selector_1_SYMINT != CONST_3"
"real-exceptions1-branchcontrol-run-20","real-exceptions1-branchcontrol","default","research.OpenSourceExceptionCases.exceptions1BranchControl","3","END","4","-1","2","1978300","true","true","false","false","true","false","constraint # = 2 selector_1_SYMINT != CONST_2 && selector_1_SYMINT != CONST_3"
"real-exceptions1-branchcontrol-run-21","real-exceptions1-branchcontrol","default","research.OpenSourceExceptionCases.exceptions1BranchControl","1","END","1","-1","1","891801","true","true","false","false","true","false","constraint # = 1 selector_1_SYMINT == CONST_3"
"real-exceptions1-branchcontrol-run-21","real-exceptions1-branchcontrol","default","research.OpenSourceExceptionCases.exceptions1BranchControl","2","END","3","-1","2","415300","true","true","false","false","true","false","constraint # = 2 selector_1_SYMINT == CONST_2 && selector_1_SYMINT != CONST_3"
"real-exceptions1-branchcontrol-run-21","real-exceptions1-branchcontrol","default","research.OpenSourceExceptionCases.exceptions1BranchControl","3","END","4","-1","2","2022401","true","true","false","false","true","false","constraint # = 2 selector_1_SYMINT != CONST_2 && selector_1_SYMINT != CONST_3"
"real-exceptions1-branchcontrol-run-22","real-exceptions1-branchcontrol","default","research.OpenSourceExceptionCases.exceptions1BranchControl","1","END","1","-1","1","906401","true","true","false","false","true","false","constraint # = 1 selector_1_SYMINT == CONST_3"
"real-exceptions1-branchcontrol-run-22","real-exceptions1-branchcontrol","default","research.OpenSourceExceptionCases.exceptions1BranchControl","2","END","3","-1","2","254600","true","true","false","false","true","false","constraint # = 2 selector_1_SYMINT == CONST_2 && selector_1_SYMINT != CONST_3"
"real-exceptions1-branchcontrol-run-22","real-exceptions1-branchcontrol","default","research.OpenSourceExceptionCases.exceptions1BranchControl","3","END","4","-1","2","354600","true","true","false","false","true","false","constraint # = 2 selector_1_SYMINT != CONST_2 && selector_1_SYMINT != CONST_3"
"real-exceptions1-branchcontrol-run-23","real-exceptions1-branchcontrol","default","research.OpenSourceExceptionCases.exceptions1BranchControl","1","END","1","-1","1","949600","true","true","false","false","true","false","constraint # = 1 selector_1_SYMINT == CONST_3"
"real-exceptions1-branchcontrol-run-23","real-exceptions1-branchcontrol","default","research.OpenSourceExceptionCases.exceptions1BranchControl","2","END","3","-1","2","309001","true","true","false","false","true","false","constraint # = 2 selector_1_SYMINT == CONST_2 && selector_1_SYMINT != CONST_3"
"real-exceptions1-branchcontrol-run-23","real-exceptions1-branchcontrol","default","research.OpenSourceExceptionCases.exceptions1BranchControl","3","END","4","-1","2","333301","true","true","false","false","true","false","constraint # = 2 selector_1_SYMINT != CONST_2 && selector_1_SYMINT != CONST_3"
"real-exceptions1-branchcontrol-run-24","real-exceptions1-branchcontrol","default","research.OpenSourceExceptionCases.exceptions1BranchControl","1","END","1","-1","1","920699","true","true","false","false","true","false","constraint # = 1 selector_1_SYMINT == CONST_3"
"real-exceptions1-branchcontrol-run-24","real-exceptions1-branchcontrol","default","research.OpenSourceExceptionCases.exceptions1BranchControl","2","END","3","-1","2","291600","true","true","false","false","true","false","constraint # = 2 selector_1_SYMINT == CONST_2 && selector_1_SYMINT != CONST_3"
"real-exceptions1-branchcontrol-run-24","real-exceptions1-branchcontrol","default","research.OpenSourceExceptionCases.exceptions1BranchControl","3","END","4","-1","2","2039700","true","true","false","false","true","false","constraint # = 2 selector_1_SYMINT != CONST_2 && selector_1_SYMINT != CONST_3"
"real-exceptions1-branchcontrol-run-25","real-exceptions1-branchcontrol","default","research.OpenSourceExceptionCases.exceptions1BranchControl","1","END","1","-1","1","1636100","true","true","false","false","true","false","constraint # = 1 selector_1_SYMINT == CONST_3"
"real-exceptions1-branchcontrol-run-25","real-exceptions1-branchcontrol","default","research.OpenSourceExceptionCases.exceptions1BranchControl","2","END","3","-1","2","317501","true","true","false","false","true","false","constraint # = 2 selector_1_SYMINT == CONST_2 && selector_1_SYMINT != CONST_3"
"real-exceptions1-branchcontrol-run-25","real-exceptions1-branchcontrol","default","research.OpenSourceExceptionCases.exceptions1BranchControl","3","END","4","-1","2","1986401","true","true","false","false","true","false","constraint # = 2 selector_1_SYMINT != CONST_2 && selector_1_SYMINT != CONST_3"
"real-exceptions1-branchcontrol-run-26","real-exceptions1-branchcontrol","default","research.OpenSourceExceptionCases.exceptions1BranchControl","1","END","1","-1","1","958400","true","true","false","false","true","false","constraint # = 1 selector_1_SYMINT == CONST_3"
"real-exceptions1-branchcontrol-run-26","real-exceptions1-branchcontrol","default","research.OpenSourceExceptionCases.exceptions1BranchControl","2","END","3","-1","2","285600","true","true","false","false","true","false","constraint # = 2 selector_1_SYMINT == CONST_2 && selector_1_SYMINT != CONST_3"
"real-exceptions1-branchcontrol-run-26","real-exceptions1-branchcontrol","default","research.OpenSourceExceptionCases.exceptions1BranchControl","3","END","4","-1","2","381899","true","true","false","false","true","false","constraint # = 2 selector_1_SYMINT != CONST_2 && selector_1_SYMINT != CONST_3"
"real-exceptions1-branchcontrol-run-27","real-exceptions1-branchcontrol","default","research.OpenSourceExceptionCases.exceptions1BranchControl","1","END","1","-1","1","880001","true","true","false","false","true","false","constraint # = 1 selector_1_SYMINT == CONST_3"
"real-exceptions1-branchcontrol-run-27","real-exceptions1-branchcontrol","default","research.OpenSourceExceptionCases.exceptions1BranchControl","2","END","3","-1","2","298100","true","true","false","false","true","false","constraint # = 2 selector_1_SYMINT == CONST_2 && selector_1_SYMINT != CONST_3"
"real-exceptions1-branchcontrol-run-27","real-exceptions1-branchcontrol","default","research.OpenSourceExceptionCases.exceptions1BranchControl","3","END","4","-1","2","1956500","true","true","false","false","true","false","constraint # = 2 selector_1_SYMINT != CONST_2 && selector_1_SYMINT != CONST_3"
"real-exceptions1-branchcontrol-run-28","real-exceptions1-branchcontrol","default","research.OpenSourceExceptionCases.exceptions1BranchControl","1","END","1","-1","1","1346800","true","true","false","false","true","false","constraint # = 1 selector_1_SYMINT == CONST_3"
"real-exceptions1-branchcontrol-run-28","real-exceptions1-branchcontrol","default","research.OpenSourceExceptionCases.exceptions1BranchControl","2","END","3","-1","2","357800","true","true","false","false","true","false","constraint # = 2 selector_1_SYMINT == CONST_2 && selector_1_SYMINT != CONST_3"
"real-exceptions1-branchcontrol-run-28","real-exceptions1-branchcontrol","default","research.OpenSourceExceptionCases.exceptions1BranchControl","3","END","4","-1","2","502200","true","true","false","false","true","false","constraint # = 2 selector_1_SYMINT != CONST_2 && selector_1_SYMINT != CONST_3"
"real-exceptions1-branchcontrol-run-29","real-exceptions1-branchcontrol","default","research.OpenSourceExceptionCases.exceptions1BranchControl","1","END","1","-1","1","908500","true","true","false","false","true","false","constraint # = 1 selector_1_SYMINT == CONST_3"
"real-exceptions1-branchcontrol-run-29","real-exceptions1-branchcontrol","default","research.OpenSourceExceptionCases.exceptions1BranchControl","2","END","3","-1","2","307200","true","true","false","false","true","false","constraint # = 2 selector_1_SYMINT == CONST_2 && selector_1_SYMINT != CONST_3"
"real-exceptions1-branchcontrol-run-29","real-exceptions1-branchcontrol","default","research.OpenSourceExceptionCases.exceptions1BranchControl","3","END","4","-1","2","2000300","true","true","false","false","true","false","constraint # = 2 selector_1_SYMINT != CONST_2 && selector_1_SYMINT != CONST_3"
"real-exceptions1-branchcontrol-run-30","real-exceptions1-branchcontrol","default","research.OpenSourceExceptionCases.exceptions1BranchControl","1","END","1","-1","1","900401","true","true","false","false","true","false","constraint # = 1 selector_1_SYMINT == CONST_3"
"real-exceptions1-branchcontrol-run-30","real-exceptions1-branchcontrol","default","research.OpenSourceExceptionCases.exceptions1BranchControl","2","END","3","-1","2","315800","true","true","false","false","true","false","constraint # = 2 selector_1_SYMINT == CONST_2 && selector_1_SYMINT != CONST_3"
"real-exceptions1-branchcontrol-run-30","real-exceptions1-branchcontrol","default","research.OpenSourceExceptionCases.exceptions1BranchControl","3","END","4","-1","2","2020699","true","true","false","false","true","false","constraint # = 2 selector_1_SYMINT != CONST_2 && selector_1_SYMINT != CONST_3"
